{
  "project_info": {
    "project_number": "399960963619",
    "firebase_url": "https://progress-71e95-default-rtdb.firebaseio.com",
    "project_id": "progress-71e95",
    "storage_bucket": "progress-71e95.appspot.com"
  },
  "client": [
    {
      "client_info": {
        "mobilesdk_app_id": "1:399960963619:android:d9024a348e1fad7a3b8f96",
        "android_client_info": {
          "package_name": "com.example.progress"
        }
      },
      "oauth_client": [
        {
          "client_id": "399960963619-ujqfi1932j6fdajng96dsv9mv2et8mrh.apps.googleusercontent.com",
          "client_type": 3
        }
      ],
      "api_key": [
        {
          "current_key": "AIzaSyDlsZ3GVVlzVjryrtWBlwKP1i7CkQZOiN8"
        }
      ],
      "services": {
        "appinvite_service": {
          "other_platform_oauth_client": [
            {
              "client_id": "399960963619-ujqfi1932j6fdajng96dsv9mv2et8mrh.apps.googleusercontent.com",
              "client_type": 3
            }
          ]
        }
      }
    },
    {
      "client_info": {
        "mobilesdk_app_id": "1:399960963619:android:e17c6a9edc67926f3b8f96",
        "android_client_info": {
          "package_name": "com.example.setuppage"
        }
      },
      "oauth_client": [
        {
          "client_id": "399960963619-ujqfi1932j6fdajng96dsv9mv2et8mrh.apps.googleusercontent.com",
          "client_type": 3
        }
      ],
      "api_key": [
        {
          "current_key": "AIzaSyDlsZ3GVVlzVjryrtWBlwKP1i7CkQZOiN8"
        }
      ],
      "services": {
        "appinvite_service": {
          "other_platform_oauth_client": [
            {
              "client_id": "399960963619-ujqfi1932j6fdajng96dsv9mv2et8mrh.apps.googleusercontent.com",
              "client_type": 3
            }
          ]
        }
      }
    }
  ],
  "configuration_version": "1"
}